CREDITO;CREDITO_DURACAO;CREDITO_PROPOSITO;HISTORICO_CREDIBILIDADE;HISTORICO_CREDITOS;HISTORICO_MOVIMENTACAO_BANCARIA;HISTORICO_PAGAMENTOS_ANTERIORES;HISTORICO_POUPANCA;CLIENTE_SEXO_ESTADO_CIVIL;CLIENTE_FIADOR;CLIENTE_IDADE;CLIENTE_EMPREGO;CLIENTE_TEMPO_EMPREGO;CLIENTE_HABITACAO;CLIENTE_TEMPO_HABITACAO
1049;18;2;1;1;1;4;1;2;1;21;3;2;1;4
2799;9;0;1;2;1;4;1;3;1;36;3;3;1;2
841;12;9;1;1;2;2;2;2;1;23;2;4;1;4
2122;12;0;1;2;1;4;1;3;1;39;2;3;1;2
2171;12;0;1;2;1;4;1;3;1;38;2;3;2;4
2241;10;0;1;2;1;4;1;3;1;48;2;2;1;3
3398;8;0;1;2;1;4;1;3;1;39;2;4;2;4
1361;6;0;1;1;1;4;1;3;1;40;2;2;2;4
1098;18;3;1;2;4;4;1;2;1;65;1;1;2;4
3758;24;3;1;1;2;2;3;2;1;23;1;1;1;4
3905;11;0;1;2;1;4;1;3;1;36;3;3;1;2
6187;30;1;1;2;1;4;2;4;1;24;3;4;1;4
1957;6;3;1;1;1;4;1;2;1;31;3;4;2;4
7582;48;10;1;1;2;3;2;3;1;31;4;1;2;4
1936;18;3;1;2;1;2;5;4;1;23;2;4;1;4
2647;6;3;1;1;1;2;3;3;1;44;3;3;1;3
3939;11;0;1;2;1;4;1;3;1;40;2;3;2;2
3213;18;3;1;1;2;2;3;4;1;25;3;2;1;3
2337;36;3;1;1;2;4;1;3;1;36;3;5;2;4
7228;11;0;1;2;4;4;1;3;1;39;2;3;2;4
3676;6;0;1;3;1;4;1;3;1;37;3;3;1;3
3124;12;0;1;2;2;4;1;3;1;49;2;2;2;3
2384;36;5;0;1;2;2;1;3;1;33;2;2;1;1
1424;12;4;1;1;2;4;1;3;1;26;3;4;2;3
4716;6;0;1;2;1;4;5;3;1;44;2;2;2;3
4771;11;3;1;1;2;3;1;3;1;51;3;4;2;4
652;12;2;1;1;1;2;1;2;1;24;3;5;1;4
1154;9;3;1;3;2;4;1;3;1;37;2;5;2;4
3556;15;0;1;1;4;2;5;3;1;29;3;3;2;2
4796;42;1;1;1;3;4;1;3;1;56;3;5;3;4
3017;30;3;1;1;3;4;1;3;1;47;3;5;2;4
3535;36;0;1;2;4;4;1;3;1;37;3;4;2;4
6614;36;0;1;2;4;4;1;3;1;34;4;5;2;4
1376;24;3;1;1;4;2;3;2;1;28;3;4;2;1
1721;15;0;1;1;1;2;1;3;1;36;3;2;2;3
860;6;0;1;2;1;4;1;2;1;39;3;5;2;4
1495;12;0;1;2;4;4;1;3;1;38;2;5;2;1
1934;12;3;1;2;4;4;1;3;1;26;3;5;2;2
3378;18;1;1;1;4;2;5;3;1;31;3;3;2;1
3868;24;1;1;2;4;4;1;2;1;41;4;5;1;2
996;12;5;1;2;4;4;5;2;1;23;3;4;2;4
1755;24;10;1;1;1;2;1;2;3;58;2;5;2;4
1028;18;0;1;2;4;4;1;2;1;36;3;3;2;3
2825;24;9;1;2;2;4;5;3;1;34;3;4;2;3
1239;18;6;1;1;2;2;5;3;1;61;3;3;3;4
1216;18;0;0;1;1;2;1;2;1;23;3;2;1;3
1258;24;9;1;1;4;2;1;3;1;25;3;4;2;1
1864;18;6;0;2;4;4;2;2;1;30;3;3;2;2
1474;24;0;1;1;4;2;2;4;1;33;3;2;2;3
1382;24;9;1;2;1;4;2;3;1;26;3;4;2;1
640;12;0;1;1;4;2;1;1;1;49;2;3;2;2
3919;36;3;1;1;3;2;1;3;1;23;3;3;2;2
1224;9;0;1;2;4;4;1;3;1;30;3;3;2;1
2331;12;3;1;1;4;4;5;3;2;49;3;5;2;4
6313;24;1;1;1;4;2;5;3;1;41;4;5;2;4
385;12;3;1;4;1;4;1;2;1;58;2;4;2;3
1655;12;3;1;2;4;4;1;3;1;63;2;5;2;4
1053;15;3;1;1;1;2;1;4;1;27;3;2;2;2
3160;21;3;1;1;4;2;5;3;1;41;3;5;2;3
3079;36;0;1;1;4;2;5;3;1;36;3;3;2;4
1163;12;0;1;1;4;4;3;3;1;44;3;3;2;4
2679;24;1;1;1;4;2;1;2;1;29;4;2;2;1
3578;48;3;1;1;4;4;5;3;1;47;3;5;2;1
10875;36;0;1;2;4;3;1;3;1;45;3;5;2;2
1344;12;0;1;2;1;3;1;3;1;43;2;3;2;2
1237;6;3;1;2;4;4;2;2;1;27;3;3;2;1
3077;12;3;1;1;4;2;1;3;1;52;3;3;2;4
2284;24;3;1;1;4;2;1;3;1;28;3;4;2;2
1567;12;3;1;1;2;2;1;2;1;22;3;3;2;1
2032;24;0;1;2;4;3;1;3;1;60;3;5;3;4
2745;21;2;1;2;2;4;4;3;1;32;3;4;2;2
1867;30;3;1;1;4;2;5;3;1;58;3;5;2;4
2299;36;3;1;1;4;2;3;3;1;39;3;5;2;4
929;24;2;1;1;4;2;5;3;1;31;3;4;2;2
3399;12;3;1;1;3;2;5;3;1;37;4;5;2;3
2030;9;2;1;1;2;2;5;3;1;24;3;4;2;1
3275;21;1;1;1;4;4;1;3;1;36;4;5;2;4
1940;24;0;1;1;4;4;4;3;1;60;3;5;2;4
1602;21;0;1;2;1;4;1;4;1;30;3;5;2;3
1979;15;3;1;1;4;2;5;3;1;35;3;5;2;2
2022;24;0;1;1;4;4;1;2;1;37;3;3;2;4
3342;36;3;1;1;4;4;5;3;1;51;3;5;2;2
5866;18;0;1;2;2;2;2;3;1;30;3;3;2;2
2360;15;1;1;1;3;4;3;3;1;36;3;3;2;2
1520;15;2;1;1;4;4;5;3;1;63;3;5;2;4
3651;12;0;1;1;1;2;4;3;1;31;3;3;2;3
2346;24;1;1;2;4;4;1;3;1;35;3;4;2;3
4454;36;3;1;2;4;3;1;2;1;34;3;3;2;4
666;6;0;1;2;1;4;4;2;1;39;2;4;2;4
1965;24;0;1;2;2;3;5;2;1;42;3;3;1;4
1995;12;0;1;1;2;4;2;3;1;27;3;2;2;1
2991;30;3;1;1;2;2;5;2;1;25;3;5;2;4
4221;30;9;1;2;2;0;1;2;1;28;3;3;2;1
1364;9;3;1;1;1;2;1;3;1;59;3;4;2;4
6361;18;2;1;1;2;4;1;3;1;41;3;5;2;1
4526;27;2;1;2;4;4;4;3;1;32;2;2;2;2
3573;12;3;1;1;2;4;1;2;1;23;2;3;2;1
4455;36;9;0;2;2;3;1;1;1;30;4;3;2;2
2136;9;2;1;1;1;2;1;3;1;25;3;3;2;2
5954;42;9;1;2;2;4;1;2;1;41;2;4;2;1
3777;24;2;1;1;4;4;4;3;1;40;3;3;2;4
806;15;9;1;1;1;2;1;2;1;22;2;3;2;4
4712;24;9;1;2;2;3;5;3;1;34;4;3;2;2
7432;36;0;1;1;2;3;1;2;1;54;3;3;1;2
1851;24;3;1;2;4;4;1;4;3;33;3;4;2;2
1393;24;0;1;1;4;2;1;3;3;31;3;3;2;2
1412;12;9;1;2;4;4;1;2;3;29;4;3;2;2
1473;18;3;1;1;4;2;1;4;1;39;3;2;2;4
1533;24;3;1;1;4;2;1;2;1;38;3;2;2;3
2012;12;6;1;1;4;4;5;2;1;61;3;4;2;2
3959;15;0;0;1;1;2;1;2;1;29;3;3;2;2
428;6;2;1;1;1;2;1;2;1;49;3;5;2;1
2366;12;0;1;1;2;4;3;1;1;36;4;4;2;3
763;12;2;1;1;4;2;1;2;1;26;3;3;2;1
3976;21;2;1;1;2;2;5;3;1;35;3;4;2;3
6260;18;0;1;1;2;2;1;3;1;28;2;4;1;3
1919;9;2;1;1;2;4;1;3;1;35;3;4;1;3
2603;24;1;1;1;4;2;4;2;1;28;3;3;1;4
936;9;6;1;2;4;4;3;3;1;52;3;5;2;2
3062;24;2;1;1;4;2;3;3;1;32;3;5;1;3
4795;36;3;1;1;2;2;1;2;1;30;4;2;2;1
5842;36;1;1;2;4;4;1;3;1;35;3;5;2;2
2063;6;3;1;1;2;2;1;4;1;30;4;2;1;3
1459;15;3;1;1;4;4;1;2;1;43;2;3;2;2
1213;15;3;1;1;4;2;3;3;1;47;3;5;2;3
5103;24;3;1;3;4;4;1;4;1;47;3;2;3;3
874;15;4;1;1;4;2;5;2;1;24;3;2;2;1
2978;6;2;1;1;4;2;3;3;1;32;3;3;2;2
1820;18;0;1;1;4;2;1;4;1;30;4;3;2;2
2872;24;3;1;1;4;4;2;3;1;36;3;5;2;4
1925;24;2;1;1;3;2;1;3;1;26;3;3;2;2
2515;18;2;1;1;4;2;1;3;1;43;3;3;2;4
2116;6;2;1;1;3;2;1;3;1;41;3;3;2;2
1453;18;3;1;1;4;2;1;2;1;26;3;2;2;1
1364;10;0;1;1;4;2;1;2;1;64;3;3;2;4
1543;6;2;1;1;4;2;4;1;1;33;3;3;2;2
1318;12;0;1;1;2;2;4;3;1;54;3;5;2;4
2325;24;0;1;1;1;1;2;3;1;32;3;4;2;3
932;6;8;1;2;2;4;5;2;1;39;2;4;2;3
3148;24;3;1;2;3;4;5;3;1;31;3;3;2;2
3835;36;3;1;1;4;2;5;2;1;45;2;5;2;4
3832;9;6;1;1;4;2;5;3;1;64;2;5;2;4
5084;24;3;1;1;2;2;5;2;1;42;3;5;2;4
2406;9;2;1;1;4;4;1;3;1;31;4;1;2;3
2394;36;3;1;1;4;2;5;2;1;25;3;3;2;4
2476;21;1;1;1;4;2;5;3;1;46;4;5;2;4
2964;24;1;1;1;1;2;5;3;1;49;3;5;3;4
1262;12;2;1;1;1;2;5;1;1;49;2;5;2;4
1542;12;9;1;1;4;2;1;3;1;36;3;4;2;4
1743;24;3;1;2;2;4;1;3;1;48;2;5;2;2
409;12;3;1;2;3;1;4;2;1;42;3;3;1;3
2171;12;3;1;1;4;2;1;2;1;29;3;2;2;2
8858;48;1;1;2;4;4;5;3;1;35;3;4;3;1
3512;24;0;1;2;2;2;2;3;1;38;3;4;2;3
1158;12;3;1;1;2;2;3;1;1;26;3;3;2;1
2684;24;3;1;2;4;4;1;3;1;35;2;3;2;2
1498;12;3;1;1;1;2;1;2;1;23;3;3;2;1
5954;30;3;1;1;4;4;1;3;2;38;3;4;2;2
6416;48;9;0;1;2;1;1;2;1;59;3;5;1;3
3617;12;2;1;3;2;4;1;3;1;28;3;5;1;4
1291;12;3;1;2;4;4;1;2;1;35;3;3;2;2
1275;24;9;1;2;3;4;4;1;1;36;3;3;2;4
3972;24;2;1;1;4;2;1;2;1;25;3;4;1;4
3343;15;2;1;1;4;4;1;3;1;28;3;3;3;2
392;15;6;1;1;3;2;1;2;1;23;3;2;1;4
2134;9;0;1;3;4;4;1;3;1;48;3;3;2;4
5771;30;3;1;2;4;4;1;2;1;25;3;4;2;2
4526;24;9;1;1;4;4;1;3;1;74;4;3;2;2
2788;15;2;1;2;4;4;1;2;2;24;3;4;2;3
1382;6;3;1;2;4;4;1;2;1;28;3;3;2;1
5848;36;3;1;1;3;2;1;3;1;24;3;3;2;1
1228;12;0;0;1;1;2;1;2;1;24;2;3;2;2
1297;12;3;1;1;3;2;1;4;1;23;3;3;1;4
1552;24;3;1;1;4;2;1;3;1;32;3;4;2;1
1963;12;3;1;2;4;2;1;3;1;31;4;4;1;2
3235;24;3;1;1;4;2;3;1;1;36;4;5;2;2
4139;24;9;1;2;4;4;2;3;1;27;2;3;2;3
1804;12;1;1;1;2;4;2;3;1;44;3;2;2;4
1950;18;9;1;2;4;2;1;3;1;34;3;4;2;1
12749;48;3;1;1;4;3;3;3;1;37;4;4;2;1
1236;9;4;1;1;4;2;1;2;1;23;3;2;1;4
1055;18;0;1;2;4;4;1;2;1;30;3;2;2;1
8072;30;9;1;3;1;0;5;3;1;25;3;2;2;3
2831;30;3;1;1;4;4;1;2;1;33;3;3;2;2
1449;9;9;1;2;4;2;1;2;1;27;3;4;2;2
5742;36;9;1;2;4;2;2;3;1;31;3;4;2;2
2390;12;0;1;1;4;2;5;3;1;50;3;5;2;3
3430;24;3;1;1;4;2;3;3;1;31;3;5;2;2
2273;36;6;1;2;2;2;1;3;1;32;3;4;2;1
2923;21;0;1;1;3;2;2;2;1;28;4;3;2;1
1901;24;3;1;1;4;2;2;3;1;29;4;3;1;4
3711;36;6;1;1;2;2;5;4;1;27;3;3;2;2
8487;48;0;1;1;2;2;5;2;1;24;3;4;2;2
2255;24;0;1;1;4;2;5;3;1;54;3;2;2;1
1262;12;3;1;1;4;2;1;3;1;25;3;3;2;2
7253;33;1;1;2;4;4;1;3;1;35;4;4;2;2
6761;6;0;1;2;4;4;1;3;1;45;4;4;2;3
1817;18;2;1;2;4;4;1;2;1;28;3;3;2;2
2141;12;3;1;1;4;2;2;3;1;35;3;4;2;1
3609;48;9;1;1;4;1;1;2;1;27;3;3;2;1
2333;30;3;1;1;4;2;3;3;1;30;4;5;2;2
7824;28;1;1;2;4;1;5;3;3;40;3;2;1;4
1445;18;3;1;1;3;1;5;3;1;49;2;4;2;4
7721;24;2;1;1;1;2;5;2;1;30;3;2;2;2
3763;21;0;1;1;1;2;5;3;2;24;2;4;2;2
4439;18;9;1;1;2;2;1;3;2;33;4;5;2;1
1107;12;3;1;1;1;2;1;3;1;20;4;3;1;2
1444;15;3;1;1;2;2;5;3;1;23;3;2;2;1
12169;48;0;1;1;2;1;5;3;2;36;4;1;3;4
2753;9;3;1;1;4;2;2;3;2;35;3;5;2;4
1494;4;0;1;1;3;2;5;3;1;29;2;2;2;2
2828;24;2;1;1;1;1;3;3;1;22;3;3;2;4
2483;24;2;1;1;1;1;3;3;1;22;3;3;2;4
1299;6;0;1;3;3;4;1;3;1;74;1;3;2;1
1549;9;0;1;1;2;2;5;3;1;35;1;2;2;2
3949;10;0;1;1;3;2;1;3;3;37;2;2;2;1
2901;10;1;1;1;4;2;5;2;1;31;3;2;1;4
709;6;0;1;1;3;2;4;4;1;27;1;2;2;2
10722;47;0;1;1;1;2;1;2;1;35;2;2;2;1
1287;10;0;1;1;4;2;5;3;2;45;2;5;2;2
1940;18;3;1;1;1;1;1;3;2;36;4;2;3;4
3656;30;3;1;2;3;4;5;3;1;49;2;5;2;4
4679;24;1;1;2;4;3;1;3;1;35;2;4;2;3
8613;27;1;1;2;4;3;4;3;1;27;3;3;2;2
2659;18;2;1;1;1;2;4;3;1;28;3;3;2;2
1516;24;3;1;2;4;4;4;2;1;43;2;3;2;1
4380;18;0;1;1;1;2;2;3;1;35;2;3;2;4
802;14;0;1;2;4;3;1;3;1;27;2;3;2;2
1572;21;9;1;1;4;2;4;2;1;36;2;5;2;4
3566;48;9;1;1;2;1;2;3;1;30;3;4;2;2
1278;24;3;1;1;4;2;1;3;1;36;4;5;2;1
426;6;3;1;1;4;0;1;4;1;39;2;5;2;4
8588;39;1;1;1;4;2;2;3;1;45;4;5;2;2
3857;30;1;1;1;1;2;1;1;1;40;4;3;2;4
685;12;0;0;1;2;2;1;4;1;25;2;4;2;3
1603;24;3;1;1;1;2;1;2;1;55;3;5;2;4
2241;21;2;1;2;4;2;1;3;1;50;3;5;2;2
2384;24;3;1;1;1;2;1;3;1;64;2;5;1;4
601;4;2;1;1;4;2;1;2;1;23;2;2;1;3
2569;39;1;1;1;4;2;3;3;1;24;3;3;2;4
1316;15;3;1;2;4;4;3;4;1;47;2;3;2;2
10366;60;0;1;1;4;2;1;3;1;42;4;5;2;4
1568;18;9;1;1;4;2;2;2;1;24;2;3;1;4
629;18;3;1;2;4;4;3;3;1;32;4;5;2;3
1750;6;3;1;1;4;1;3;3;1;45;2;5;2;4
3488;24;1;1;1;4;2;2;2;1;23;3;4;2;4
1800;18;3;1;2;4;4;1;3;1;24;3;3;2;2
4151;24;2;1;2;4;3;2;3;1;35;3;3;2;3
2631;15;5;1;1;2;2;2;2;1;25;2;3;2;2
5248;21;1;1;1;4;2;5;3;1;26;3;3;2;3
2899;18;0;1;1;2;3;5;3;1;43;3;5;2;4
6204;18;5;1;1;2;3;1;3;1;44;2;3;2;4
804;12;3;1;1;4;2;1;3;1;38;3;5;2;4
3595;36;3;1;1;4;2;1;3;1;28;3;5;2;2
5711;36;1;1;2;4;4;4;3;1;38;4;5;2;2
2687;15;9;1;1;3;2;1;3;1;26;3;4;1;4
3643;15;2;1;2;1;3;1;2;1;27;2;5;2;4
2146;10;2;1;2;4;4;1;2;1;23;3;2;1;3
2315;10;3;1;1;1;2;1;3;1;52;2;5;2;4
3448;5;9;1;1;4;2;1;3;1;74;2;4;2;4
2708;15;2;1;2;4;2;1;3;1;27;2;2;2;3
1393;11;0;1;2;4;4;1;2;1;35;4;2;2;4
1275;10;2;1;1;3;2;1;2;1;23;3;2;2;2
1313;9;2;1;1;4;2;1;3;1;20;3;5;2;4
1493;12;3;1;1;4;2;1;2;1;34;3;2;2;3
2675;22;3;1;1;4;2;3;3;1;40;3;5;2;4
2118;9;3;1;1;2;2;1;3;1;37;2;3;2;2
909;36;0;1;1;4;2;3;3;1;36;3;5;2;4
1258;12;2;1;2;4;4;1;2;1;22;2;2;1;4
1569;15;3;1;1;4;1;2;3;1;34;2;5;2;4
1236;6;1;1;1;4;2;3;3;1;50;3;3;1;4
7678;36;2;1;2;4;3;3;2;1;40;3;4;2;4
660;6;5;1;1;4;2;3;4;1;23;2;4;1;4
2835;24;2;1;1;4;2;3;3;1;53;3;5;2;4
2670;24;1;1;1;4;2;1;3;1;35;4;5;2;4
3447;12;8;1;1;4;1;3;2;1;35;2;3;2;3
3568;15;3;1;1;4;2;1;2;1;54;4;5;1;2
3652;21;9;1;2;2;4;1;3;1;27;3;4;2;3
3660;24;3;1;1;1;2;1;2;1;28;3;3;2;4
1126;9;3;1;1;3;2;2;1;1;49;3;5;2;4
683;6;3;1;1;3;3;1;2;1;29;3;2;2;1
2251;12;2;1;1;3;2;1;2;1;46;2;3;2;2
4675;12;1;1;1;4;2;5;2;1;20;3;2;1;4
2353;21;0;1;2;2;3;1;1;1;47;3;3;2;4
3357;21;3;1;1;1;2;4;2;1;29;3;2;2;2
672;6;0;1;1;4;2;1;2;1;54;1;1;2;4
338;6;3;1;2;1;4;3;3;1;52;3;5;2;4
2697;9;3;1;1;4;2;1;3;1;32;3;3;2;2
2507;9;0;1;1;4;2;3;3;1;51;2;5;3;4
1478;15;3;1;2;4;3;1;4;1;33;3;3;2;3
3565;12;6;1;2;4;4;5;3;1;37;2;2;2;1
2221;15;2;1;1;4;2;3;2;1;20;3;3;1;4
1898;6;3;1;2;4;4;5;3;1;34;2;3;2;2
1449;6;9;1;2;2;3;2;1;1;31;3;5;2;2
960;15;2;1;2;4;3;4;2;1;30;3;4;2;2
8133;36;1;1;1;4;2;1;2;1;30;3;3;2;2
2301;9;2;1;1;4;2;2;2;1;22;3;2;1;4
1743;6;9;1;2;4;3;2;3;1;34;2;3;2;2
983;12;2;1;1;2;2;4;2;1;19;2;2;1;4
2320;18;3;1;2;4;3;1;4;1;34;3;1;2;3
339;12;8;1;1;1;1;1;4;1;45;2;5;2;1
5152;24;3;1;1;3;2;1;3;1;25;3;4;2;2
3749;24;2;1;1;3;2;1;2;1;26;3;2;2;4
3074;9;3;1;2;4;4;5;3;1;33;3;3;2;2
745;9;3;0;1;3;2;1;2;1;28;2;3;2;2
1469;24;0;1;1;4;2;2;4;1;41;2;5;1;4
1374;6;2;1;1;1;2;1;3;1;36;2;3;2;2
783;6;0;1;1;4;1;5;3;3;26;2;3;2;2
2606;21;3;1;1;1;2;1;2;1;28;4;2;1;4
9436;54;1;1;1;4;0;5;3;1;39;2;3;2;2
930;12;3;1;4;4;4;5;3;1;65;3;5;2;4
2751;48;1;1;2;4;4;5;3;1;38;3;5;2;3
250;6;0;1;2;4;4;4;2;1;41;2;3;2;2
1201;24;0;1;1;2;2;1;3;1;26;3;2;2;1
662;6;0;1;1;1;2;1;3;1;41;2;2;2;4
1300;15;1;1;1;4;2;5;3;1;45;3;5;3;4
1559;24;9;1;1;4;1;1;3;1;40;3;4;2;4
3016;12;3;1;1;3;2;1;4;1;24;3;3;2;1
1360;15;3;1;2;4;4;1;3;1;31;3;3;2;2
1204;6;0;1;1;4;0;2;3;1;35;3;3;1;1
1597;10;0;1;1;4;2;3;3;1;40;2;3;1;2
2073;12;3;1;1;4;2;2;2;2;28;3;3;2;2
2142;11;9;1;1;4;2;4;1;1;28;3;5;2;2
2132;10;2;1;2;1;4;5;2;2;27;3;2;1;3
1546;10;0;1;1;4;2;1;3;1;31;2;3;2;2
1287;24;0;1;2;4;4;4;2;1;37;3;5;2;4
1418;10;0;1;1;4;2;2;3;1;35;2;3;1;2
1343;6;0;1;2;3;4;1;3;1;46;3;5;2;4
2662;18;0;1;1;4;2;5;3;1;32;3;4;2;3
6070;18;3;1;2;4;4;1;3;1;33;3;5;2;4
1927;24;6;1;2;4;4;5;2;1;33;3;3;2;2
2404;18;3;1;2;4;4;1;2;1;26;3;3;2;2
1554;6;3;1;2;4;4;1;2;1;24;3;4;1;2
1283;22;0;1;1;4;2;5;2;1;25;3;4;1;4
717;24;0;1;2;4;3;5;4;1;54;3;5;2;4
1747;24;2;1;1;1;2;1;3;2;24;2;2;2;1
1288;9;5;1;2;1;4;2;3;3;48;3;5;2;4
1038;10;0;1;2;1;4;1;3;2;49;3;4;2;3
2848;10;1;1;1;4;2;2;3;2;32;3;3;2;2
1413;12;1;1;1;4;2;4;3;1;55;3;4;2;2
3077;30;3;1;2;4;4;5;3;1;40;3;5;2;2
3632;24;1;1;1;1;1;1;2;3;22;3;3;1;4
3229;18;1;1;1;4;4;5;3;1;38;4;1;2;4
3577;9;0;1;1;4;2;2;3;3;26;3;3;1;2
682;12;0;1;2;4;4;2;2;1;51;3;4;2;3
1924;10;3;1;1;4;2;1;3;1;38;3;3;2;4
727;10;6;1;1;4;2;3;3;1;46;3;5;3;4
781;10;0;1;2;3;4;1;3;1;63;3;5;3;4
2121;12;0;1;2;1;4;1;3;1;30;3;3;2;2
701;12;6;1;2;4;4;1;3;1;32;3;3;2;2
2069;10;2;1;2;4;4;5;4;1;26;3;3;2;1
1525;24;0;1;1;4;2;4;2;1;34;3;4;2;3
7629;48;9;1;2;4;4;5;1;1;46;4;5;2;2
3499;12;0;0;2;1;4;1;2;2;29;3;3;2;2
1346;6;3;1;1;4;2;2;3;1;42;3;5;3;4
10477;36;1;1;2;4;4;5;3;1;42;3;5;3;4
2924;24;1;1;1;1;2;1;3;3;63;3;3;2;4
1231;10;0;1;2;4;4;1;3;1;32;2;5;2;4
1961;18;0;1;1;3;2;1;2;1;23;4;5;2;2
5045;15;0;1;1;4;4;5;2;1;59;3;5;2;4
1255;12;0;1;2;4;4;1;3;1;61;2;5;2;4
1858;12;2;1;1;1;2;1;2;1;22;3;2;1;1
1221;6;2;1;2;4;4;5;4;1;27;3;3;2;2
1388;9;2;1;1;4;2;1;2;1;26;3;3;1;2
2279;12;3;1;1;4;2;5;3;1;37;3;3;3;4
2759;12;2;1;2;4;0;1;3;1;34;3;5;2;4
1258;24;3;1;1;3;2;3;2;1;57;2;3;2;3
1410;12;8;1;1;2;0;1;3;1;31;2;3;2;2
1403;15;0;1;1;1;2;1;2;1;28;3;3;1;4
3021;24;2;1;1;1;2;1;1;1;24;2;3;1;2
6568;24;9;1;1;1;2;1;4;1;21;2;3;2;2
2578;24;3;1;1;4;4;4;3;1;34;3;5;2;2
7758;24;1;1;1;2;4;4;2;1;29;3;5;1;4
343;6;4;1;1;1;2;1;2;1;27;3;2;2;1
1591;21;2;1;2;4;3;2;3;1;34;4;4;2;3
3416;27;3;1;1;1;2;1;3;1;27;4;3;2;2
1108;12;5;0;2;1;0;1;3;1;28;3;4;2;3
5965;27;1;1;2;2;3;1;3;1;30;4;5;2;2
1514;15;5;1;1;2;2;2;3;3;22;3;3;2;2
6742;30;3;1;2;4;4;5;3;1;36;3;4;2;3
3650;18;2;1;1;1;2;1;2;1;22;3;2;1;4
3599;21;2;1;1;1;2;1;2;1;26;2;4;1;4
13756;60;0;1;1;4;4;5;3;1;63;4;5;3;4
276;9;0;1;1;2;2;1;4;1;22;2;3;1;4
4041;42;2;1;2;4;4;3;3;1;36;3;3;2;4
458;9;3;1;1;2;2;1;3;1;24;3;3;2;3
918;9;2;0;1;2;2;1;2;1;30;3;3;2;1
7393;24;0;1;1;4;2;1;3;1;43;2;3;2;4
1225;10;4;1;1;3;2;1;3;1;37;3;3;2;2
2812;24;1;1;1;1;2;5;2;1;26;3;5;1;4
3029;15;1;1;1;4;2;1;3;1;33;3;4;2;2
1480;12;0;1;3;3;4;3;3;1;66;1;1;3;4
1047;6;6;1;1;3;4;1;2;1;50;2;3;2;4
1471;15;3;1;2;4;4;1;3;1;35;3;3;3;4
5511;24;2;1;1;4;2;2;3;1;25;3;3;2;1
1206;9;3;1;1;2;2;1;2;1;25;3;5;2;4
6403;24;3;1;1;2;3;1;3;1;33;3;2;2;2
707;12;3;1;2;4;2;1;3;1;30;3;3;2;2
1503;12;1;1;1;4;3;1;4;1;41;3;3;1;4
6078;12;0;1;1;2;2;1;3;1;32;3;4;2;2
2528;27;9;1;1;2;2;1;2;1;32;3;2;2;1
1037;12;9;1;1;2;2;2;3;1;39;2;4;2;4
1352;6;1;1;1;1;2;3;2;1;23;1;1;1;2
3181;24;3;1;1;4;2;1;2;1;26;3;2;2;4
4594;18;3;1;1;4;2;1;3;1;32;3;2;2;2
5381;48;10;1;1;2;2;5;3;1;40;1;1;3;4
4657;15;1;1;1;4;2;1;3;1;30;3;3;2;2
1391;9;9;1;1;2;2;1;4;1;27;3;3;2;1
1913;18;9;1;1;2;2;4;4;1;36;3;2;2;3
7166;42;3;1;1;4;2;5;4;1;29;3;4;1;4
1409;13;3;1;1;4;2;2;2;1;64;3;1;2;4
2978;24;9;1;2;4;3;5;3;1;32;3;3;2;4
976;12;3;1;2;4;4;5;3;1;35;3;5;2;4
2375;24;9;1;2;4;3;3;3;1;44;3;3;2;2
522;12;3;1;2;4;4;3;3;1;42;3;5;2;4
2743;28;3;1;2;4;4;1;3;1;29;3;5;2;2
1154;11;3;1;3;4;4;2;2;1;57;2;1;2;4
5804;24;1;1;2;4;4;4;3;1;27;3;3;2;2
1169;18;3;1;2;4;4;5;3;1;29;3;3;2;3
1478;15;2;1;2;1;4;1;3;1;44;3;5;2;4
776;12;3;1;1;4;2;1;4;1;28;3;3;2;2
1322;11;0;1;2;2;4;4;2;1;40;3;3;2;4
1175;16;0;1;3;2;4;1;3;1;68;1;1;3;3
2133;12;0;1;1;4;2;5;2;1;52;4;5;3;4
1829;15;3;1;2;4;4;1;3;1;46;3;5;2;4
717;12;3;1;3;4;4;1;3;1;52;3;5;2;4
11760;39;6;1;1;2;3;2;3;1;32;3;4;1;3
1501;9;6;0;2;2;4;1;2;1;34;4;5;2;3
1200;12;6;1;1;1;2;5;2;1;23;3;3;1;4
3195;9;0;1;1;2;2;5;2;1;33;2;3;2;2
4530;30;3;1;1;4;4;1;2;1;26;4;4;1;4
1555;12;5;0;2;4;3;4;3;1;55;3;5;3;4
2326;15;9;1;1;2;4;3;3;1;27;3;3;2;4
1887;18;9;1;2;2;4;5;4;1;28;3;3;2;4
1264;12;9;1;1;4;4;5;3;1;57;2;5;1;4
846;7;3;1;1;4;3;5;3;1;36;3;5;3;4
1532;15;6;1;1;4;4;2;2;1;31;3;3;2;3
935;6;3;1;1;4;3;1;2;1;24;3;3;2;2
2442;27;9;1;4;1;4;1;3;1;43;4;5;2;4
3590;18;9;1;3;2;4;1;4;1;40;1;1;2;3
2288;21;2;1;1;4;4;1;2;1;23;3;2;2;4
5117;27;9;1;2;4;3;1;3;1;26;3;4;2;4
14179;39;2;1;2;1;4;5;3;1;30;4;4;2;4
1386;15;3;1;1;4;2;5;4;1;40;3;3;1;2
618;12;3;1;1;4;4;1;3;1;56;3;5;2;4
1574;12;2;1;1;4;2;1;3;1;50;3;3;2;2
700;6;3;1;2;4;4;5;3;1;36;3;5;3;4
886;12;3;1;1;4;2;5;2;1;21;3;3;2;2
4686;36;1;1;1;4;2;1;3;1;32;4;3;3;2
790;9;3;1;1;2;2;3;2;1;66;2;3;2;3
766;12;3;0;1;2;2;3;3;1;66;2;3;2;3
2212;20;2;1;1;1;2;5;3;1;39;3;4;2;4
7308;10;0;1;1;2;2;1;3;1;70;4;1;3;4
5743;24;6;1;2;2;4;1;2;1;24;3;2;3;4
3973;14;0;1;1;1;2;1;3;1;22;3;1;3;4
7418;60;3;1;1;2;3;5;3;1;27;2;3;2;1
2629;20;10;1;2;2;3;1;3;1;29;3;3;2;3
1941;18;9;1;1;2;2;4;3;1;35;2;3;2;2
2333;24;2;1;1;2;3;5;3;1;29;2;2;2;2
2445;12;1;1;1;4;2;5;4;1;26;3;2;1;4
6468;20;1;1;1;2;2;5;1;1;60;4;1;2;4
7374;18;2;1;2;2;4;1;3;1;40;4;1;2;4
3812;15;1;1;1;4;2;2;2;1;23;3;2;2;4
4006;28;0;0;1;1;2;1;3;1;45;2;3;2;2
7472;12;0;1;1;2;2;5;2;1;24;1;1;1;2
1424;12;2;1;1;3;2;5;2;1;55;4;5;2;4
2028;12;1;1;1;2;2;5;3;1;30;3;3;2;2
5324;15;0;1;1;4;2;3;2;1;35;3;5;3;4
2323;36;3;1;1;2;2;1;3;1;24;3;4;1;4
1393;12;6;1;3;4;2;1;3;1;47;3;5;2;4
1984;18;2;1;2;4;2;1;3;1;47;3;3;3;4
999;24;3;1;2;4;2;5;3;1;25;3;5;2;2
7409;36;9;1;2;4;2;5;3;1;37;3;5;2;2
2186;15;2;1;1;4;2;5;2;1;33;2;4;1;4
4473;36;3;1;1;3;2;1;3;1;31;3;5;2;2
937;24;8;1;2;4;2;1;4;1;27;2;2;2;3
3422;18;2;1;3;4;2;1;3;1;47;3;5;2;4
3105;24;3;1;2;4;2;5;3;1;25;3;2;2;2
2748;12;6;1;3;4;4;1;2;1;57;2;5;3;4
3872;18;5;1;1;2;2;1;2;1;67;3;1;2;4
5190;27;5;1;4;4;2;5;3;1;48;3;5;2;4
3001;18;2;1;1;2;2;1;2;1;40;3;4;1;4
3863;24;9;1;1;4;3;1;3;1;32;3;3;3;2
5801;12;2;1;1;4;4;5;3;1;49;3;5;1;4
1592;12;2;1;1;4;4;4;2;1;35;3;4;2;2
1185;12;9;1;2;4;4;1;2;1;27;3;3;2;2
3780;18;2;1;2;4;4;1;1;1;35;4;2;2;2
3612;18;2;1;1;2;4;1;2;1;37;3;5;2;4
1076;12;9;1;1;4;2;1;4;1;26;3;3;2;2
3527;12;0;1;1;4;2;5;3;1;45;4;2;2;3
2051;18;3;1;1;4;2;1;3;1;33;3;2;2;1
3331;12;2;1;1;4;4;1;3;1;42;3;5;2;4
3104;18;9;1;1;1;0;1;3;1;31;3;4;2;1
2611;24;3;1;2;4;4;1;4;2;46;3;5;2;3
1409;12;1;1;1;1;4;1;3;1;54;3;5;2;3
1311;24;3;1;1;4;2;2;4;1;26;3;4;2;3
2108;6;3;1;1;4;2;1;4;1;29;3;4;1;2
4042;24;1;1;2;4;4;5;3;1;43;3;4;2;4
926;12;0;1;1;4;4;1;2;1;38;1;1;2;2
1680;12;3;1;1;1;2;3;4;1;35;3;5;2;1
1249;24;0;1;1;4;2;1;4;1;28;3;2;2;2
2463;24;0;1;2;4;4;2;4;1;27;3;4;2;3
1595;6;3;1;1;4;2;1;3;1;51;3;4;2;2
2058;24;5;1;2;4;4;1;1;1;33;3;3;2;2
7814;24;1;1;1;4;2;1;3;1;38;4;4;2;3
1740;6;3;1;2;4;4;1;4;1;30;3;5;1;2
1240;12;3;1;2;4;4;5;2;1;38;3;5;2;2
6842;24;1;1;2;4;4;5;3;1;46;4;3;2;4
5150;24;2;1;1;4;4;1;3;1;33;3;5;2;4
1203;6;0;1;1;1;2;2;3;1;43;3;5;2;2
2080;6;0;1;1;4;4;3;4;1;24;3;3;2;2
1538;6;6;1;1;4;2;1;2;1;56;3;2;2;2
3878;24;0;1;1;2;4;2;1;1;37;3;2;2;2
3832;30;2;1;1;2;2;1;4;1;22;3;2;2;1
3186;15;0;1;1;4;2;4;2;1;20;3;4;1;3
2896;24;3;1;1;2;2;2;3;1;29;3;2;2;1
6967;24;9;1;1;2;3;2;3;1;36;4;4;1;4
1819;36;6;0;1;4;2;1;3;1;37;3;3;3;4
5943;24;3;0;2;4;2;5;2;1;44;3;2;2;1
7127;36;2;0;2;4;4;1;2;1;23;3;2;1;4
3349;36;2;0;1;4;2;1;2;1;28;4;3;2;2
10974;36;2;0;2;4;2;1;2;1;26;4;1;2;2
518;6;3;1;1;4;2;1;2;1;29;3;3;2;1
1126;18;3;1;1;4;2;5;2;1;21;3;2;1;2
1860;12;1;1;2;2;4;1;3;1;34;4;1;2;2
9566;36;3;1;2;4;4;1;2;1;31;3;3;2;2
701;12;3;1;1;1;2;1;4;1;40;2;3;2;2
2930;12;3;1;1;2;2;1;2;1;27;3;4;2;1
1505;18;3;1;1;4;2;1;3;1;32;4;3;3;2
2238;18;3;1;2;4;4;1;2;1;25;3;3;2;1
1503;4;3;1;2;4;4;1;3;1;42;2;4;2;1
2197;24;1;1;2;4;4;5;3;1;43;3;4;2;4
1881;12;3;1;1;3;2;1;2;1;44;2;3;1;2
1880;18;3;1;2;1;4;1;4;1;32;4;4;2;1
2389;18;3;1;1;1;2;1;2;1;27;3;2;2;1
1967;24;3;1;1;2;2;1;2;1;20;3;5;2;4
3380;4;0;1;1;4;4;1;2;1;37;3;4;2;1
1455;4;0;1;3;4;4;1;3;1;42;2;4;2;1
730;7;3;1;2;4;4;5;3;1;46;2;5;1;2
3244;18;2;1;2;2;0;1;2;1;33;3;3;2;4
1670;9;3;0;1;2;2;1;2;1;22;3;2;2;2
3979;48;3;1;2;2;2;5;3;1;41;3;4;2;1
1922;12;2;0;1;2;2;1;3;1;37;2;3;2;2
1295;18;2;1;2;2;4;1;2;1;27;3;2;2;1
1544;4;3;1;3;4;4;1;3;1;42;2;4;2;1
907;8;9;1;1;2;2;1;4;1;26;3;2;2;2
1715;30;3;1;1;2;2;5;2;1;26;3;3;2;1
1347;10;3;1;2;3;4;5;3;1;27;3;4;2;2
1007;12;0;1;1;2;2;4;4;1;22;3;3;2;1
1402;12;2;1;1;4;4;3;2;1;37;3;4;1;4
2002;12;0;1;1;2;2;1;3;1;30;3;4;1;4
2096;12;6;1;1;4;4;1;3;1;49;2;4;2;3
1101;12;0;1;2;4;2;1;4;1;27;3;3;2;2
894;10;8;1;1;4;2;5;2;1;40;3;4;2;3
1577;11;2;1;1;2;2;4;2;1;20;3;2;2;1
2764;33;9;1;2;4;3;1;2;1;26;3;3;2;2
8358;48;0;1;2;2;0;3;2;1;30;3;2;2;1
1474;12;2;1;1;3;2;1;2;1;33;4;2;2;1
5433;24;1;1;1;4;2;5;2;1;26;4;1;1;4
1410;14;9;1;1;2;2;3;4;1;35;3;5;2;2
3485;20;0;1;2;4;4;5;1;1;44;3;2;2;4
3850;18;1;1;2;4;4;1;3;1;27;3;4;2;1
7408;60;0;0;1;2;2;2;2;1;24;4;2;2;2
1377;24;3;1;1;3;2;2;2;1;47;3;5;3;2
4272;30;9;1;2;4;3;2;3;1;26;2;3;2;2
1553;24;3;1;2;2;3;2;2;1;23;3;4;1;2
9857;36;9;1;2;2;3;2;3;1;31;2;4;2;3
362;6;0;1;2;4;4;2;2;1;52;2;3;2;4
1935;12;2;1;3;4;4;1;3;1;43;3;5;2;4
10222;48;3;1;1;4;2;5;3;1;37;3;4;2;3
1330;12;0;1;1;3;2;1;3;1;26;3;2;2;1
9055;36;6;1;1;4;2;5;3;1;35;2;3;3;4
7966;26;1;1;2;2;2;1;3;1;30;3;2;2;3
3496;30;2;1;1;2;1;4;3;1;34;3;3;2;2
6948;36;1;1;1;2;2;1;3;1;35;4;3;1;2
12204;48;9;1;1;2;0;5;3;1;48;4;3;2;2
3446;36;2;0;1;1;2;1;3;1;42;3;5;2;2
684;12;6;0;1;1;2;1;3;1;40;2;3;1;4
4281;33;2;0;2;1;4;3;2;1;23;3;3;2;4
7174;42;3;0;1;1;2;5;2;1;30;4;4;2;3
1546;24;3;0;1;1;1;1;3;3;24;2;4;1;4
2359;24;2;0;1;1;2;2;1;1;33;3;1;2;1
3621;24;3;0;2;4;2;2;3;1;31;3;5;2;4
741;12;4;0;1;1;2;2;2;1;22;3;1;2;3
7865;12;2;0;1;1;2;1;3;1;53;4;5;3;4
2910;24;1;1;1;1;2;1;3;1;34;4;4;3;1
5302;18;0;1;3;1;4;1;3;1;36;4;5;3;4
3620;36;2;1;1;1;2;1;3;3;37;3;3;2;2
3509;18;3;1;1;1;2;1;2;3;25;3;4;2;1
3017;12;2;1;1;2;2;1;2;1;34;4;2;1;1
1657;12;2;1;1;1;2;1;3;1;27;3;3;2;2
1164;8;10;1;2;1;4;1;3;1;51;4;5;3;4
6229;36;2;0;2;1;4;1;2;2;23;2;2;1;4
1193;24;0;0;2;1;1;1;2;2;29;1;1;1;4
4583;30;2;1;2;1;0;1;1;3;32;3;3;2;2
5371;36;2;1;2;1;4;1;3;3;28;3;3;2;2
708;12;2;1;1;1;2;1;3;3;38;2;3;2;3
571;21;0;1;2;1;4;1;3;1;65;3;5;2;4
2522;30;3;1;1;1;2;1;3;3;39;3;5;2;3
5179;36;2;0;1;1;2;1;3;1;29;3;4;2;2
8229;36;1;0;1;1;2;1;3;1;26;3;3;2;2
2028;24;2;1;2;4;4;1;3;1;30;2;4;2;2
1374;6;0;1;1;1;2;5;2;1;75;4;1;2;3
1289;12;2;1;1;1;2;1;3;3;21;2;3;2;1
2712;36;2;0;1;1;2;1;3;1;41;3;5;2;2
975;15;2;1;2;1;4;1;1;1;25;3;3;2;3
1050;6;2;1;2;2;3;1;3;1;35;4;1;2;1
609;6;0;1;2;1;4;1;2;1;37;3;4;2;3
4788;48;1;1;1;1;2;1;3;1;26;3;4;2;3
3069;24;2;1;1;2;2;2;3;1;30;3;5;3;4
836;12;0;0;1;2;2;2;2;1;23;2;2;2;2
2577;12;2;1;1;1;2;1;1;1;42;3;3;2;1
1620;12;2;1;1;1;2;1;2;2;30;3;3;2;3
1845;15;2;1;1;1;2;1;2;3;46;3;2;1;1
6579;24;1;1;1;1;2;1;3;1;29;4;1;3;2
1893;12;0;1;1;1;2;1;2;3;29;3;3;2;4
10623;30;1;1;3;1;4;1;3;1;38;4;5;3;4
2249;18;0;1;1;1;2;2;3;1;30;4;4;2;3
3108;30;2;0;1;1;2;1;1;1;31;2;2;2;4
958;12;0;1;2;2;4;1;3;1;47;2;4;2;3
9277;24;1;1;1;4;2;5;1;1;48;3;3;3;4
6314;24;10;1;2;4;4;1;3;2;27;4;1;2;2
1526;12;1;1;2;1;4;1;3;1;66;4;5;3;4
3590;12;2;1;1;1;2;1;3;2;29;2;3;2;2
6615;24;1;1;2;1;4;1;3;1;75;4;1;3;4
1872;6;2;1;3;1;4;1;3;1;36;4;1;3;4
2859;12;0;1;1;4;2;5;3;1;38;4;1;2;4
1582;18;3;1;2;4;4;4;3;1;46;3;5;2;4
1238;6;8;1;1;4;2;5;3;1;36;4;1;2;4
2578;12;2;1;1;1;2;1;2;1;55;4;1;3;4
1433;15;2;1;2;1;4;1;2;1;25;3;3;1;3
7882;42;2;1;1;1;2;1;3;3;45;3;4;3;4
4169;24;2;1;1;1;2;1;3;1;28;3;3;2;4
3959;36;2;1;1;1;2;1;3;1;30;4;1;2;3
3249;36;0;1;1;1;2;1;3;1;39;4;4;3;4
3149;24;2;1;1;1;2;1;3;1;22;3;2;3;1
2246;12;2;0;2;1;4;1;3;1;60;3;5;2;3
1797;13;9;1;2;1;4;1;3;1;28;2;2;2;1
4272;20;2;1;2;1;4;1;2;1;24;3;5;2;4
2957;24;1;1;2;1;4;1;3;1;63;3;5;2;4
2348;36;2;1;2;1;4;1;4;1;46;3;3;2;2
6289;42;9;1;2;3;0;1;1;1;33;3;2;2;1
6419;24;1;1;2;1;4;1;2;1;44;4;5;3;4
6143;48;1;0;2;1;4;1;2;1;58;2;5;3;4
1597;24;6;1;2;4;4;1;3;1;54;3;5;3;4
15857;36;10;1;1;1;2;1;1;2;43;4;1;2;3
2223;24;3;1;2;4;4;2;3;1;52;3;5;2;4
7238;48;3;1;2;4;3;5;3;1;32;3;5;2;3
2503;30;9;1;2;2;3;2;3;1;41;3;5;2;2
2622;18;9;1;1;2;2;2;3;1;34;3;3;2;4
4351;24;2;1;1;2;2;5;2;1;48;2;3;2;4
368;6;3;1;1;2;2;5;3;1;38;3;5;2;4
754;12;8;1;2;2;2;5;3;1;38;3;5;2;4
2424;24;3;1;2;4;4;5;3;1;53;3;5;2;4
6681;48;9;1;1;2;3;5;3;1;38;3;3;3;4
2427;18;9;1;2;2;3;5;3;1;42;3;5;2;2
1216;24;3;0;2;2;4;2;3;1;38;3;2;2;4
753;6;3;1;1;2;2;1;2;3;64;3;3;2;3
2576;7;3;1;1;2;2;1;3;3;35;3;3;2;2
590;6;3;1;1;2;2;1;4;1;26;2;2;2;3
1414;8;3;1;1;2;2;1;3;3;33;3;3;2;2
1103;12;3;1;2;2;2;1;3;3;29;3;4;2;3
585;12;3;1;2;2;3;1;4;2;20;3;3;1;4
1068;6;3;1;1;2;2;1;3;1;28;3;5;2;4
713;8;0;1;2;1;4;1;3;1;47;2;5;2;4
1092;12;3;1;2;2;2;1;2;3;49;3;3;2;4
2329;7;3;1;1;2;2;1;2;3;45;3;2;2;1
882;13;3;1;2;2;4;1;3;3;23;3;2;2;4
866;18;3;1;1;2;2;1;4;3;25;2;3;2;2
2415;7;3;1;1;2;2;1;3;3;34;3;3;2;2
2101;13;3;1;1;2;2;1;2;3;23;2;2;2;4
1301;18;3;1;1;2;2;1;4;3;32;2;5;2;2
1113;18;3;1;1;2;2;1;2;3;26;2;3;2;4
760;8;3;1;1;2;2;1;2;3;44;2;4;2;2
625;12;3;1;1;2;2;1;4;3;26;2;2;2;1
1323;6;0;1;2;3;4;2;1;1;28;3;5;2;4
1138;9;3;1;2;1;4;1;3;1;25;2;3;2;4
1795;18;3;1;2;2;4;1;2;3;48;2;5;1;4
2728;15;3;1;3;2;4;5;3;3;35;3;4;2;2
484;6;3;1;1;2;2;1;4;3;28;2;4;2;3
1048;10;3;1;1;2;1;1;3;1;23;2;3;2;4
1155;12;3;1;2;2;2;1;4;3;40;2;5;2;3
7057;20;1;1;2;2;3;5;3;1;36;4;4;1;4
1537;15;3;1;2;2;4;5;3;3;50;3;5;2;4
2214;12;3;1;1;1;2;1;3;1;24;2;3;2;3
1585;24;2;1;2;4;4;1;3;1;40;3;4;2;3
1521;10;2;1;1;2;2;1;1;1;31;2;3;2;2
3990;36;4;1;1;2;1;5;2;1;29;1;2;2;2
3049;18;2;1;1;3;2;1;2;1;45;2;2;2;1
1282;24;3;0;1;1;2;2;2;1;32;2;3;2;2
10144;60;3;1;1;4;2;2;2;1;21;3;4;2;4
1168;12;0;1;1;1;2;1;4;1;27;2;3;2;3
454;6;5;1;1;2;2;1;4;1;22;2;2;2;1
3594;15;1;1;2;4;3;1;2;1;46;2;2;2;2
1768;12;2;1;1;4;2;1;3;1;24;2;3;1;2
15653;60;3;1;2;4;3;1;3;1;21;3;4;2;4
2247;12;0;1;2;3;3;1;2;1;36;3;3;2;2
1413;24;3;1;1;4;2;1;4;1;28;3;3;2;2
4576;45;1;1;1;2;4;2;3;1;27;3;1;2;4
1231;24;3;1;2;1;4;4;2;1;57;4;5;1;4
8335;36;1;0;1;1;2;5;3;1;47;3;5;3;4
5800;36;1;1;2;2;4;1;3;1;34;3;3;2;4
8471;18;6;1;2;1;3;5;2;1;23;3;3;1;2
3622;30;2;1;2;1;2;4;2;1;57;3;5;1;4
1169;6;3;1;2;1;4;5;3;1;67;3;5;2;4
1262;15;4;1;2;4;2;3;3;1;36;3;4;2;3
3617;24;2;1;2;3;4;5;3;2;20;3;5;1;4
2181;30;0;1;2;2;4;5;3;1;36;3;5;2;4
7685;48;9;0;1;1;1;1;2;3;37;3;4;1;4
6110;48;6;1;1;4;4;1;3;1;31;3;3;3;3
3757;24;0;1;1;4;2;1;2;2;62;3;5;3;4
3394;42;5;1;2;1;4;1;3;2;65;1;1;2;4
6304;36;9;1;2;4;4;5;3;1;36;3;5;2;4
1244;9;6;1;2;4;4;5;2;1;41;2;5;1;4
3518;6;0;1;1;4;2;1;3;3;26;3;3;1;3
2613;36;5;1;2;4;0;1;3;1;27;3;3;2;2
7476;48;6;1;1;1;2;1;3;1;50;4;4;3;1
4591;24;9;0;3;4;2;4;3;1;54;4;3;2;3
1924;18;2;0;1;2;2;5;2;1;27;3;2;1;3
5595;72;3;0;1;2;2;2;4;1;24;3;3;2;2
6224;48;6;0;1;2;3;1;3;1;50;3;5;3;4
1905;15;6;1;1;3;2;1;3;1;40;4;5;1;4
2993;21;1;1;2;4;3;1;3;1;28;2;3;2;2
8947;36;1;1;1;4;3;5;3;1;31;4;4;2;2
4020;24;2;1;1;1;2;1;3;1;27;3;3;2;2
2779;18;1;1;1;2;2;1;4;1;21;3;3;1;3
2782;21;0;1;1;4;2;3;2;1;31;4;4;2;2
1884;12;0;1;1;4;2;1;3;1;39;4;5;2;4
11054;36;1;1;1;4;4;5;3;1;30;4;3;2;2
9157;60;3;1;1;2;3;5;3;1;27;4;3;3;2
9283;42;1;1;1;2;1;1;3;1;55;4;1;3;2
6527;60;0;1;1;4;2;5;3;1;34;3;3;3;4
3368;15;1;1;2;4;4;4;3;1;23;3;5;1;4
2511;15;0;1;1;1;2;1;2;1;23;3;1;1;4
5493;36;1;1;1;1;2;1;3;1;42;3;5;3;4
1338;6;4;1;1;4;2;3;1;1;62;3;3;2;4
1082;9;3;1;2;2;2;1;3;1;37;2;5;2;4
1149;18;3;1;2;4;4;4;3;1;46;3;3;2;3
1308;15;5;1;2;2;2;1;3;1;38;2;5;2;4
6148;20;1;1;2;2;0;2;4;1;31;3;5;2;4
1736;12;2;1;1;4;2;1;2;1;31;2;4;2;4
3059;12;3;1;1;4;2;4;1;1;61;2;4;2;4
2996;24;2;0;1;1;2;5;4;1;20;3;3;2;4
7596;30;1;1;2;4;4;5;3;1;63;3;5;2;4
4811;30;1;1;1;4;2;5;2;1;24;2;4;1;4
1766;6;2;1;1;4;2;1;4;1;21;3;3;1;2
2760;24;1;1;1;2;2;5;3;1;36;3;5;3;4
5507;24;5;1;2;4;4;1;3;1;44;3;5;3;4
1199;9;6;1;2;2;2;1;2;1;67;4;4;2;4
2892;24;2;1;1;3;2;1;1;1;51;3;5;3;4
2862;36;0;1;1;2;3;2;3;1;30;3;5;3;3
654;9;0;0;1;1;2;1;3;1;28;2;3;2;3
1136;9;6;0;2;2;4;4;3;1;32;3;5;3;3
4113;24;1;0;1;2;2;3;2;1;28;3;2;1;4
14555;6;0;0;1;2;2;5;3;1;23;1;1;2;2
950;15;0;0;2;1;0;1;3;1;33;3;5;1;3
1199;24;0;0;2;1;4;1;3;1;60;2;5;2;4
1082;12;0;0;2;1;0;1;3;1;48;3;3;2;4
2150;30;0;0;1;2;2;1;2;3;24;3;3;2;2
2820;36;0;0;2;2;4;1;1;1;27;3;2;2;4
3060;48;3;0;2;2;2;1;3;1;28;3;4;2;4
2600;18;3;0;2;1;2;1;3;1;65;3;3;3;4
5003;21;0;0;2;4;0;5;2;1;29;3;3;2;4
6288;60;6;0;1;2;2;1;3;1;42;3;3;3;4
2538;24;0;0;2;4;3;1;3;1;47;2;5;2;4
1478;9;3;0;1;4;2;1;3;1;22;3;4;2;2
4933;39;3;0;2;2;4;1;3;3;25;3;4;2;2
1530;18;0;0;2;4;4;1;3;1;32;3;3;2;2
1437;9;0;0;1;2;1;2;3;1;29;3;4;2;3
1275;15;4;0;1;1;2;5;2;1;24;3;3;1;2
1823;24;3;0;1;1;2;1;3;1;30;4;1;2;2
1422;9;0;0;1;1;2;1;3;1;27;4;2;3;2
1217;18;4;0;1;1;2;1;4;1;47;2;3;2;3
9271;36;0;0;1;1;2;1;3;1;24;3;4;2;1
2145;36;9;0;2;1;3;1;3;1;24;3;4;2;1
1842;36;0;0;1;1;2;1;2;1;34;3;2;2;4
4297;18;2;0;1;2;3;1;1;1;40;4;5;2;3
3384;6;2;0;1;1;4;1;1;1;44;4;3;1;4
1245;18;3;0;1;2;4;1;4;1;33;3;3;2;2
4623;15;6;0;1;4;2;2;3;1;40;4;3;2;2
8386;30;2;0;1;2;4;1;3;1;49;3;4;2;2
1024;24;3;0;1;1;3;1;4;1;48;3;2;2;4
14318;36;0;0;1;2;2;1;3;1;57;4;5;3;2
433;6;6;0;1;2;1;4;2;1;24;3;2;1;2
2149;12;3;0;1;1;1;1;1;1;29;3;3;3;1
2397;24;3;0;2;4;2;3;3;1;35;3;5;2;2
931;6;0;0;1;2;1;2;2;1;32;2;2;2;1
1512;15;5;0;2;2;3;4;4;1;61;3;3;2;3
4241;24;9;0;3;2;0;1;3;1;36;2;3;2;4
4736;24;2;0;1;2;4;1;2;1;25;2;2;2;4
1778;15;0;0;2;2;0;1;2;1;26;1;2;1;1
2327;15;3;0;1;3;2;1;2;1;25;2;2;2;3
6872;24;2;0;1;1;1;1;1;1;55;3;2;2;1
795;12;6;0;1;1;2;1;2;1;53;3;2;2;4
1908;30;9;0;1;3;3;1;3;1;66;4;5;2;4
1953;36;9;0;1;2;0;1;3;1;61;4;5;3;4
2864;18;2;0;1;3;2;1;3;1;34;2;3;2;1
2319;21;6;0;1;3;4;1;1;1;33;3;2;1;1
915;24;0;0;1;1;2;5;2;1;29;3;5;2;2
947;24;0;0;1;3;2;1;3;1;38;3;4;3;3
1381;24;0;0;1;1;2;5;2;1;35;3;3;2;2
1285;24;0;0;1;1;2;5;2;1;32;3;4;1;4
1371;24;0;0;1;1;2;5;2;1;25;3;3;1;4
1042;18;0;0;1;2;2;5;2;1;33;3;3;2;2
900;12;0;0;1;1;2;5;4;1;23;3;3;2;2
1207;24;0;0;1;1;2;1;2;1;24;3;2;1;4
2278;18;0;0;2;2;0;2;2;1;28;3;2;2;3
6836;60;9;0;2;1;3;1;3;1;63;3;5;2;4
3345;24;2;0;1;1;2;1;3;1;39;4;5;1;2
1198;6;6;0;1;1;1;1;2;1;35;3;5;3;4
15672;48;9;0;1;2;2;1;3;1;23;3;3;2;2
7297;60;9;0;1;1;2;1;3;2;36;3;5;1;4
1943;18;5;0;1;4;2;1;2;1;23;3;2;2;4
3190;18;3;0;1;1;2;1;2;1;24;3;3;2;2
5129;9;1;0;1;2;1;1;2;1;74;4;5;3;4
1808;18;2;0;1;4;3;1;2;1;22;3;4;2;1
1240;10;0;0;1;3;2;2;2;1;48;2;5;3;4
759;12;0;0;1;1;2;1;3;1;26;3;4;2;2
1237;8;2;0;1;2;2;1;2;1;24;3;3;2;4
1980;9;2;0;2;4;2;1;2;2;19;3;2;1;2
10961;48;3;0;2;2;2;4;3;2;27;3;4;2;2
6887;36;6;0;1;1;3;1;3;1;29;3;3;2;3
1938;24;3;0;1;1;2;1;1;1;32;3;2;2;3
1835;21;3;0;2;1;2;1;2;1;25;3;3;2;2
1659;24;3;0;1;1;3;1;2;1;29;2;2;1;2
1209;6;0;0;1;2;3;1;3;1;47;4;1;2;4
3844;48;9;0;1;2;0;2;3;1;34;2;4;3;4
4843;12;0;0;2;1;4;1;3;2;43;3;5;1;4
639;12;5;0;1;2;2;1;3;1;30;3;3;2;2
5951;48;3;0;1;2;2;1;2;1;22;3;3;2;2
3804;36;3;0;1;2;0;1;2;1;42;3;3;2;1
4463;36;3;0;2;4;3;1;3;1;26;4;3;2;2
7980;36;9;0;2;4;3;5;3;1;27;3;2;1;4
4210;36;3;0;1;3;2;1;3;1;26;3;3;2;2
4611;6;2;0;1;4;2;1;2;1;32;3;2;2;4
11560;24;1;0;2;2;2;1;2;1;23;4;3;1;4
4165;18;9;0;2;4;0;1;3;1;36;3;3;2;2
4057;24;2;0;1;2;2;1;1;1;43;3;4;2;3
6458;18;0;0;2;4;1;1;3;1;39;4;5;2;4
1386;12;0;0;1;4;2;3;2;1;26;3;3;2;2
1977;36;6;0;1;1;2;5;3;1;40;4;5;2;4
1928;18;2;0;2;2;4;1;3;1;31;2;2;2;2
1123;12;2;0;1;4;2;3;2;1;29;2;3;1;4
11328;24;10;0;2;2;2;1;3;2;29;4;3;2;3
11938;24;10;0;2;2;4;1;3;2;39;4;3;2;3
2520;27;3;0;2;2;4;3;3;1;23;2;3;2;2
1919;30;3;0;2;2;3;2;3;1;30;4;2;2;3
14782;60;10;0;2;2;1;2;2;1;60;4;5;3;4
2671;36;3;0;1;2;2;2;2;2;50;3;3;3;4
12612;36;6;0;1;2;2;2;3;1;47;3;3;3;4
3031;45;3;0;1;2;2;2;3;3;21;3;3;1;4
626;12;3;0;1;1;1;1;2;1;24;2;3;2;4
1935;24;9;0;2;2;4;1;1;1;31;3;5;2;4
1344;24;0;0;2;3;4;5;3;1;37;2;4;2;2
1533;18;2;0;1;4;2;1;4;2;43;2;2;2;1
3931;48;0;0;1;1;2;1;3;1;46;3;4;3;4
3349;24;2;0;1;1;1;3;3;1;30;3;2;3;4
2302;36;3;0;1;1;2;1;1;1;31;3;3;1;4
3965;42;3;0;1;1;2;1;3;1;34;3;2;2;3
727;12;3;0;1;1;2;2;4;1;33;2;2;2;3
3914;48;9;0;1;4;2;5;1;1;38;3;3;2;2
4308;48;9;0;1;1;2;1;2;1;24;3;2;1;4
1534;12;3;0;1;2;2;1;4;1;23;3;2;1;1
2775;18;0;0;2;4;4;1;3;1;31;3;4;2;2
5998;40;6;0;1;1;4;1;3;1;27;3;3;2;3
1271;15;3;0;2;3;4;5;3;1;39;3;3;3;4
1295;12;0;0;1;2;2;1;2;1;25;3;2;1;1
9398;36;1;0;1;2;2;1;4;1;28;4;2;1;4
951;12;2;0;4;2;2;2;2;1;27;3;2;1;4
1355;24;0;0;1;2;2;1;2;1;25;2;2;2;4
3051;48;4;0;1;1;2;1;3;1;54;3;3;2;4
7855;36;0;0;2;4;4;1;2;1;25;3;3;2;2
433;18;3;0;1;4;2;1;2;2;22;3;1;1;4
9572;36;9;0;2;4;3;1;1;1;28;3;2;2;1
1837;24;6;0;1;2;1;1;2;1;34;2;4;3;4
4249;30;0;0;2;2;4;1;4;1;28;4;1;2;2
5234;30;0;0;2;2;4;1;4;1;28;4;1;2;2
6758;48;3;0;1;1;2;1;2;1;31;3;3;2;2
1366;9;3;0;1;1;2;1;2;1;22;3;2;1;4
1358;24;10;0;1;1;1;5;3;1;40;4;5;2;3
2473;18;2;0;1;1;2;1;3;1;25;1;1;2;1
1337;9;3;0;2;3;0;1;3;1;34;4;2;2;2
7763;48;0;0;1;1;2;1;3;1;42;4;5;3;4
1264;15;0;0;1;2;1;2;4;1;25;3;3;1;2
2631;15;0;0;2;2;2;2;2;1;28;3;3;1;4
6560;48;0;0;1;2;2;2;3;1;24;3;4;2;2
3123;24;0;0;1;1;2;1;2;1;27;3;2;2;1
8065;36;6;0;2;1;4;1;2;1;25;4;3;2;2
2439;24;3;0;1;1;2;1;2;1;35;3;2;2;4
9034;36;2;0;1;2;2;2;3;2;29;4;2;1;1
14027;60;0;0;1;2;2;1;3;1;27;4;4;2;2
9629;36;1;0;2;1;4;1;3;1;24;3;4;2;4
1484;12;3;0;1;2;2;5;4;1;25;3;3;2;1
1131;18;2;0;1;1;2;1;2;1;33;3;1;2;2
2064;24;2;0;1;2;3;1;2;1;34;4;1;2;2
12976;18;1;0;1;2;2;1;2;1;38;4;1;3;4
2580;21;9;0;1;4;3;3;3;1;41;2;2;2;2
2570;27;0;0;1;4;2;1;2;1;21;3;3;1;3
3915;27;9;0;1;2;2;1;3;1;36;3;3;2;2
1309;10;0;0;1;4;2;5;3;3;27;2;3;2;4
4817;24;0;0;1;1;2;1;3;2;31;3;4;2;3
2579;12;0;0;1;1;2;1;3;1;33;2;2;2;1
2225;36;0;0;2;2;3;1;3;1;57;3;5;3;4
4153;18;2;0;1;1;2;1;3;2;42;3;3;2;3
3114;18;2;0;1;1;0;1;2;1;26;3;2;1;4
2124;18;2;0;2;1;4;1;2;1;24;3;3;1;4
1553;18;2;0;1;1;1;1;3;1;44;3;3;2;3
2406;30;2;0;1;1;2;1;2;1;23;3;4;1;4
1333;24;0;0;2;1;3;1;3;1;43;3;1;3;2
7119;48;2;0;2;1;0;1;3;1;53;3;3;3;4
4870;24;0;0;2;1;3;1;3;1;53;3;3;3;4
691;12;0;0;2;1;4;1;3;1;35;3;5;2;3
4370;42;3;0;2;1;3;1;3;1;26;3;4;2;2
2746;36;2;0;1;1;1;1;3;1;31;3;5;2;4
4110;24;2;0;2;1;0;1;3;1;23;3;5;1;4
2462;18;2;0;1;1;2;1;3;1;22;3;3;2;2
1282;12;2;0;1;1;2;1;2;1;20;3;3;1;4
2969;12;2;0;2;2;0;1;2;1;25;3;2;1;3
4605;48;1;0;2;1;0;1;3;1;24;3;5;3;4
6331;48;1;0;2;1;4;1;3;1;46;3;5;3;4
3552;24;2;0;1;1;1;1;3;1;27;3;4;2;4
697;12;0;0;2;1;1;1;3;1;46;3;2;2;2
1442;24;0;0;2;1;2;1;2;1;23;3;4;1;4
5293;27;9;0;2;1;0;1;3;1;50;3;1;2;4
3414;21;6;0;2;1;3;1;3;1;26;3;2;2;1
2039;18;2;0;1;1;2;1;2;1;20;3;3;1;4
3161;24;9;0;1;1;1;1;3;1;31;3;3;1;2
902;12;8;0;1;1;2;1;4;1;21;3;4;1;4
10297;48;1;0;3;1;2;1;3;1;39;3;4;3;4
14421;48;9;0;1;2;0;1;3;1;25;3;3;2;2
1056;18;0;0;2;2;4;1;3;3;30;3;5;2;3
1274;12;0;0;1;1;2;1;2;1;37;2;2;2;1
1223;12;0;0;2;2;2;1;1;1;46;3;5;1;1
1372;12;0;0;1;1;2;1;1;1;36;3;4;2;3
2625;16;0;0;1;1;4;1;3;3;43;3;5;1;4
2235;20;0;0;2;1;4;1;4;3;33;3;3;1;2
959;9;2;0;1;2;2;1;2;1;29;3;3;2;2
884;18;0;0;1;2;4;1;3;1;36;3;5;2;4
1246;24;0;0;1;2;2;1;3;1;23;2;2;2;2
8086;36;0;0;4;2;3;2;3;1;42;4;5;2;4
10127;48;0;0;1;4;4;3;3;1;44;3;3;3;2
888;12;0;0;1;2;2;1;3;1;41;2;5;2;4
719;12;6;0;1;4;2;1;3;1;41;2;5;2;4
12389;36;0;0;1;2;2;5;3;1;37;3;3;3;4
709;12;3;0;1;1;2;1;3;1;57;2;5;2;4
6850;15;0;0;1;2;1;2;3;1;34;4;1;2;2
2210;10;2;0;1;4;2;1;3;1;25;2;3;1;2
7485;30;1;0;1;4;1;5;2;1;53;4;1;2;1
1442;18;0;0;2;1;1;1;3;1;32;2;4;3;4
797;12;3;0;1;4;4;5;2;1;33;2;5;2;3
4746;45;3;0;2;2;4;1;3;1;24;2;2;2;2
939;12;0;0;3;3;4;3;4;1;28;3;4;2;2
1188;21;9;0;1;2;2;1;2;1;39;3;5;2;4
11590;48;1;0;2;4;4;2;2;1;24;2;3;1;4
609;12;9;0;1;3;1;1;2;1;26;1;2;2;1
1190;18;5;0;3;1;4;1;2;1;55;1;1;3;4
2767;21;9;0;2;2;2;2;1;1;61;2;5;1;2
3441;30;2;0;1;2;2;2;2;2;21;3;3;1;4
4280;30;9;0;2;2;0;2;2;1;26;2;3;1;4
3092;24;3;0;1;2;2;2;4;1;22;3;2;1;2
6761;18;0;0;2;4;2;5;3;1;68;3;3;1;4
1331;12;3;0;1;2;2;1;3;1;22;3;2;2;1
15945;54;9;0;1;2;0;1;3;1;58;3;2;1;4
3234;24;2;0;1;1;2;1;2;1;23;2;2;1;4
802;15;3;0;1;2;2;1;3;1;37;3;5;2;3
9960;48;2;0;1;2;2;1;2;1;26;3;2;2;2
8648;24;9;0;2;4;3;1;3;1;27;3;2;2;2
1345;18;3;0;1;1;2;1;4;1;26;3;3;2;3
1845;45;3;0;1;1;2;1;3;1;23;3;3;3;4
1647;21;0;0;2;1;1;5;3;1;40;2;3;2;2
4844;48;9;0;1;4;2;1;3;1;33;4;1;1;2
8318;27;9;0;2;2;0;1;2;1;42;4;5;3;4
2100;18;3;0;1;3;2;1;3;2;37;3;3;2;2
11816;45;9;0;2;1;0;1;3;1;29;3;5;1;4
448;6;6;0;1;1;2;1;2;1;23;3;2;2;4
11998;30;5;0;1;1;2;1;1;1;34;2;2;2;1
18424;48;10;0;1;2;0;1;2;1;32;4;3;2;2
14896;6;0;0;1;1;2;1;3;1;68;4;5;2;4
2762;12;2;0;1;2;2;5;2;1;25;3;5;2;2
3386;12;1;0;1;1;2;1;3;1;35;3;5;3;4
2039;24;3;0;1;2;2;1;4;1;22;3;2;2;1
2169;18;9;0;1;4;3;1;4;1;28;3;3;2;2
5096;48;2;0;1;2;4;1;2;1;30;4;3;2;3
1882;18;3;0;2;1;2;1;2;1;25;3;3;1;4
6999;48;3;0;2;1;2;1;4;3;34;3;4;2;1
2292;12;9;0;2;4;4;1;3;1;42;4;1;2;2
8978;14;0;0;1;1;2;1;1;1;45;4;5;2;4
674;12;3;0;1;1;2;2;4;1;20;3;4;2;1
976;18;0;0;1;1;2;1;2;1;23;2;2;2;2
2718;24;0;0;1;2;2;1;2;1;20;2;3;1;4
750;18;6;0;1;1;2;1;2;1;27;1;1;2;1
12579;24;1;0;1;2;2;1;2;1;44;4;5;3;2
7511;18;1;0;1;1;2;5;3;1;51;3;5;3;4
3966;18;0;0;3;1;4;1;2;1;33;3;5;1;4
6199;12;3;0;2;1;0;1;3;1;28;3;3;1;2
1987;24;3;0;1;1;2;1;3;1;21;2;3;1;4
2303;24;0;0;1;1;2;1;3;2;45;3;5;2;1
12680;21;0;0;1;4;4;5;3;1;30;4;5;3;4
6468;12;3;0;1;2;2;5;3;1;52;4;1;2;1
6350;30;2;0;1;1;2;5;3;1;31;3;5;2;4
